{
    "server_0": {
        "processing_time": 1080.9699999999991,
        "requests_processed": 341,
        "requests_received": 341,
        "avg_response_time": 3.1699999999999973,
        "throughput": 0.3154574132492116
    },
    "server_1": {
        "processing_time": 903.03,
        "requests_processed": 299,
        "requests_received": 299,
        "avg_response_time": 3.0201672240802675,
        "throughput": 0.3311074936602328
    },
    "server_2": {
        "processing_time": 1132.4199999999994,
        "requests_processed": 360,
        "requests_received": 360,
        "avg_response_time": 3.1456111111111094,
        "throughput": 0.31790325144381076
    }
}