{
    "server_0": {
        "processing_time": 1206.5000000000002,
        "requests_processed": 198,
        "requests_received": 308,
        "avg_response_time": 6.093434343434344,
        "throughput": 0.16411106506423537
    },
    "server_1": {
        "processing_time": 1207.3000000000002,
        "requests_processed": 181,
        "requests_received": 370,
        "avg_response_time": 6.670165745856354,
        "throughput": 0.14992131201855377
    },
    "server_2": {
        "processing_time": 1200.4999999999995,
        "requests_processed": 189,
        "requests_received": 322,
        "avg_response_time": 6.351851851851849,
        "throughput": 0.15743440233236158
    }
}