{
    "server_0": {
        "processing_time": 1043.3600000000004,
        "requests_processed": 334,
        "requests_received": 334,
        "avg_response_time": 3.1238323353293422,
        "throughput": 0.32011961355620294
    },
    "server_1": {
        "processing_time": 1040.8799999999994,
        "requests_processed": 333,
        "requests_received": 333,
        "avg_response_time": 3.125765765765764,
        "throughput": 0.31992160479594206
    },
    "server_2": {
        "processing_time": 1040.2900000000016,
        "requests_processed": 333,
        "requests_received": 333,
        "avg_response_time": 3.1239939939939987,
        "throughput": 0.32010304818848545
    }
}