{
    "server_0": {
        "processing_time": 1208.5000000000002,
        "requests_processed": 184,
        "requests_received": 334,
        "avg_response_time": 6.567934782608697,
        "throughput": 0.15225486139842778
    },
    "server_1": {
        "processing_time": 1199.9999999999998,
        "requests_processed": 191,
        "requests_received": 333,
        "avg_response_time": 6.282722513089004,
        "throughput": 0.1591666666666667
    },
    "server_2": {
        "processing_time": 1208.4000000000003,
        "requests_processed": 188,
        "requests_received": 333,
        "avg_response_time": 6.427659574468087,
        "throughput": 0.15557762330354183
    }
}