{
    "server_0": {
        "processing_time": 604.0000000000001,
        "requests_processed": 96,
        "requests_received": 334,
        "avg_response_time": 6.291666666666668,
        "throughput": 0.15894039735099336
    },
    "server_1": {
        "processing_time": 601.2999999999997,
        "requests_processed": 93,
        "requests_received": 322,
        "avg_response_time": 6.465591397849459,
        "throughput": 0.15466489273241318
    },
    "server_2": {
        "processing_time": 601.6999999999998,
        "requests_processed": 88,
        "requests_received": 344,
        "avg_response_time": 6.837499999999998,
        "throughput": 0.14625228519195616
    }
}