{
    "server_0": {
        "processing_time": 545.4000000000001,
        "requests_processed": 212,
        "requests_received": 219,
        "avg_response_time": 2.5726415094339625,
        "throughput": 0.38870553722038864
    },
    "server_1": {
        "processing_time": 556.7000000000002,
        "requests_processed": 164,
        "requests_received": 165,
        "avg_response_time": 3.394512195121952,
        "throughput": 0.2945931381354409
    },
    "server_2": {
        "processing_time": 567.7,
        "requests_processed": 160,
        "requests_received": 216,
        "avg_response_time": 3.548125,
        "throughput": 0.28183899947155183
    }
}