{
    "server_0": {
        "processing_time": 505.7,
        "requests_processed": 198,
        "requests_received": 200,
        "avg_response_time": 2.554040404040404,
        "throughput": 0.39153648408147124
    },
    "server_1": {
        "processing_time": 552.7,
        "requests_processed": 161,
        "requests_received": 200,
        "avg_response_time": 3.4329192546583855,
        "throughput": 0.2912972679573005
    },
    "server_2": {
        "processing_time": 585.3,
        "requests_processed": 157,
        "requests_received": 200,
        "avg_response_time": 3.728025477707006,
        "throughput": 0.268238510165727
    }
}