{
    "server_0": {
        "processing_time": 600.83,
        "requests_processed": 139,
        "requests_received": 334,
        "avg_response_time": 4.322517985611511,
        "throughput": 0.2313466371519398
    },
    "server_1": {
        "processing_time": 603.0300000000001,
        "requests_processed": 140,
        "requests_received": 333,
        "avg_response_time": 4.3073571428571436,
        "throughput": 0.2321609206838797
    },
    "server_2": {
        "processing_time": 600.4100000000003,
        "requests_processed": 139,
        "requests_received": 333,
        "avg_response_time": 4.3194964028777,
        "throughput": 0.23150846921270454
    }
}