{
    "server_0": {
        "processing_time": 601.8900000000002,
        "requests_processed": 190,
        "requests_received": 334,
        "avg_response_time": 3.167842105263159,
        "throughput": 0.31567229892505266
    },
    "server_1": {
        "processing_time": 600.27,
        "requests_processed": 192,
        "requests_received": 333,
        "avg_response_time": 3.12640625,
        "throughput": 0.3198560647708531
    },
    "server_2": {
        "processing_time": 600.48,
        "requests_processed": 187,
        "requests_received": 333,
        "avg_response_time": 3.2111229946524067,
        "throughput": 0.3114175326405542
    }
}