{
    "server_0": {
        "processing_time": 1051.0699999999993,
        "requests_processed": 335,
        "requests_received": 335,
        "avg_response_time": 3.137522388059699,
        "throughput": 0.3187228253113496
    },
    "server_1": {
        "processing_time": 1031.1999999999998,
        "requests_processed": 333,
        "requests_received": 333,
        "avg_response_time": 3.096696696696696,
        "throughput": 0.3229247478665633
    },
    "server_2": {
        "processing_time": 1034.1499999999994,
        "requests_processed": 332,
        "requests_received": 332,
        "avg_response_time": 3.114909638554215,
        "throughput": 0.32103660010636775
    }
}